{"cameraMode":{"drawMode":0,"name":"Shaded","section":"Shading Mode"},"sceneLighting":true,"audioPlay":false,"sceneViewState":{"m_AlwaysRefresh":false,"showFog":true,"showSkybox":true,"showFlares":true,"showImageEffects":true,"showParticleSystems":true,"showVisualEffectGraphs":true,"m_FxEnabled":true},"in2DMode":false,"pivot":{"x":-10.333700180053711,"y":5.862113952636719,"z":3.574491262435913},"rotation":{"x":0.12641815841197968,"y":0.7434363961219788,"z":-0.14687375724315644,"w":0.6403018236160278},"size":0.5126430988311768,"orthographic":false}