{"cameraMode":{"drawMode":0,"name":"Shaded","section":"Shading Mode"},"sceneLighting":true,"audioPlay":false,"sceneViewState":{"m_AlwaysRefresh":false,"showFog":true,"showSkybox":true,"showFlares":true,"showImageEffects":true,"showParticleSystems":true,"showVisualEffectGraphs":true,"m_FxEnabled":true},"in2DMode":false,"pivot":{"x":18.120216369628908,"y":-7.613882541656494,"z":11.301809310913086},"rotation":{"x":0.2162005752325058,"y":0.5106080174446106,"z":-0.13442879915237428,"w":0.8213578462600708},"size":14.458518981933594,"orthographic":false}